지운 파일,바이트,이유
calib/th_260914/th_260914_800/192_168_0_151_20260914_190830.y16raw,883200,칸 5.8 px < 6.0 — 너무 멀다
calib/th_260914/th_260914_800/192_168_0_151_20260914_190830.y16meta,15982,칸 5.8 px < 6.0 — 너무 멀다
calib/th_260914/th_260914_800/192_168_0_151_20260914_190830.avi,14828,칸 5.8 px < 6.0 — 너무 멀다
calib/th_260914/th_260914_800/192_168_0_151_20260914_190830.csv,958,칸 5.8 px < 6.0 — 너무 멀다
calib/th_260914/th_260914_800/192_168_0_151_20260914_183131.y16raw,998400,칸 5.7 px < 6.0 — 너무 멀다
calib/th_260914/th_260914_800/192_168_0_151_20260914_183131.y16meta,16075,칸 5.7 px < 6.0 — 너무 멀다
calib/th_260914/th_260914_800/192_168_0_151_20260914_183131.avi,18668,칸 5.7 px < 6.0 — 너무 멀다
calib/th_260914/th_260914_800/192_168_0_151_20260914_183131.csv,1078,칸 5.7 px < 6.0 — 너무 멀다
calib/th_260914/th_260914_before/192_168_0_151_20260914_180721.y16raw,998400,칸 5.7 px < 6.0 — 너무 멀다
calib/th_260914/th_260914_before/192_168_0_151_20260914_180721.y16meta,16075,칸 5.7 px < 6.0 — 너무 멀다
calib/th_260914/th_260914_before/192_168_0_151_20260914_180721.avi,23644,칸 5.7 px < 6.0 — 너무 멀다
calib/th_260914/th_260914_before/192_168_0_151_20260914_180721.csv,1078,칸 5.7 px < 6.0 — 너무 멀다
calib/th_260914/th_260914_800/192_168_0_151_20260914_190800.y16raw,883200,칸 5.7 px < 6.0 — 너무 멀다
calib/th_260914/th_260914_800/192_168_0_151_20260914_190800.y16meta,15982,칸 5.7 px < 6.0 — 너무 멀다
calib/th_260914/th_260914_800/192_168_0_151_20260914_190800.avi,17932,칸 5.7 px < 6.0 — 너무 멀다
calib/th_260914/th_260914_800/192_168_0_151_20260914_190800.csv,958,칸 5.7 px < 6.0 — 너무 멀다
calib/th_260914/th_260914_800/192_168_0_151_20260914_190808.y16raw,883200,칸 5.6 px < 6.0 — 너무 멀다
calib/th_260914/th_260914_800/192_168_0_151_20260914_190808.y16meta,15982,칸 5.6 px < 6.0 — 너무 멀다
calib/th_260914/th_260914_800/192_168_0_151_20260914_190808.avi,14132,칸 5.6 px < 6.0 — 너무 멀다
calib/th_260914/th_260914_800/192_168_0_151_20260914_190808.csv,958,칸 5.6 px < 6.0 — 너무 멀다
calib/th_260914/th_260914_800/192_168_0_151_20260914_190818.y16raw,806400,칸 5.5 px < 6.0 — 너무 멀다
calib/th_260914/th_260914_800/192_168_0_151_20260914_190818.y16meta,15920,칸 5.5 px < 6.0 — 너무 멀다
calib/th_260914/th_260914_800/192_168_0_151_20260914_190818.avi,13682,칸 5.5 px < 6.0 — 너무 멀다
calib/th_260914/th_260914_800/192_168_0_151_20260914_190818.csv,878,칸 5.5 px < 6.0 — 너무 멀다
calib/th_260914/th_260914_before/192_168_0_151_20260914_180734.y16raw,1036800,칸 5.4 px < 6.0 — 너무 멀다
calib/th_260914/th_260914_before/192_168_0_151_20260914_180734.y16meta,16106,칸 5.4 px < 6.0 — 너무 멀다
calib/th_260914/th_260914_before/192_168_0_151_20260914_180734.avi,17538,칸 5.4 px < 6.0 — 너무 멀다
calib/th_260914/th_260914_before/192_168_0_151_20260914_180734.csv,1118,칸 5.4 px < 6.0 — 너무 멀다
calib/th_260914/th_260914_1000/192_168_0_151_20260914_191148.y16raw,806400,칸 4.8 px < 6.0 — 너무 멀다
calib/th_260914/th_260914_1000/192_168_0_151_20260914_191148.y16meta,15920,칸 4.8 px < 6.0 — 너무 멀다
calib/th_260914/th_260914_1000/192_168_0_151_20260914_191148.avi,12882,칸 4.8 px < 6.0 — 너무 멀다
calib/th_260914/th_260914_1000/192_168_0_151_20260914_191148.csv,878,칸 4.8 px < 6.0 — 너무 멀다
calib/th_260914/th_260914_1000/192_168_0_151_20260914_191109.y16raw,960000,칸 4.8 px < 6.0 — 너무 멀다
calib/th_260914/th_260914_1000/192_168_0_151_20260914_191109.y16meta,16044,칸 4.8 px < 6.0 — 너무 멀다
calib/th_260914/th_260914_1000/192_168_0_151_20260914_191109.avi,16616,칸 4.8 px < 6.0 — 너무 멀다
calib/th_260914/th_260914_1000/192_168_0_151_20260914_191109.csv,1038,칸 4.8 px < 6.0 — 너무 멀다
calib/th_260914/th_260914_before/192_168_0_151_20260914_182205.y16raw,921600,칸 4.8 px < 6.0 — 너무 멀다
calib/th_260914/th_260914_before/192_168_0_151_20260914_182205.y16meta,16013,칸 4.8 px < 6.0 — 너무 멀다
calib/th_260914/th_260914_before/192_168_0_151_20260914_182205.avi,13676,칸 4.8 px < 6.0 — 너무 멀다
calib/th_260914/th_260914_before/192_168_0_151_20260914_182205.csv,998,칸 4.8 px < 6.0 — 너무 멀다
calib/th_260914/th_260914_before/192_168_0_151_20260914_182156.y16raw,921600,칸 4.8 px < 6.0 — 너무 멀다
calib/th_260914/th_260914_before/192_168_0_151_20260914_182156.y16meta,16013,칸 4.8 px < 6.0 — 너무 멀다
calib/th_260914/th_260914_before/192_168_0_151_20260914_182156.avi,15728,칸 4.8 px < 6.0 — 너무 멀다
calib/th_260914/th_260914_before/192_168_0_151_20260914_182156.csv,998,칸 4.8 px < 6.0 — 너무 멀다
calib/th_260914/th_260914_before/192_168_0_151_20260914_182128.y16raw,1113600,칸 4.7 px < 6.0 — 너무 멀다
calib/th_260914/th_260914_before/192_168_0_151_20260914_182128.y16meta,16168,칸 4.7 px < 6.0 — 너무 멀다
calib/th_260914/th_260914_before/192_168_0_151_20260914_182128.avi,18710,칸 4.7 px < 6.0 — 너무 멀다
calib/th_260914/th_260914_before/192_168_0_151_20260914_182128.csv,1198,칸 4.7 px < 6.0 — 너무 멀다
calib/th_260914/th_260914_1000/192_168_0_151_20260914_191206.y16raw,883200,칸 4.7 px < 6.0 — 너무 멀다
calib/th_260914/th_260914_1000/192_168_0_151_20260914_191206.y16meta,15982,칸 4.7 px < 6.0 — 너무 멀다
calib/th_260914/th_260914_1000/192_168_0_151_20260914_191206.avi,13538,칸 4.7 px < 6.0 — 너무 멀다
calib/th_260914/th_260914_1000/192_168_0_151_20260914_191206.csv,958,칸 4.7 px < 6.0 — 너무 멀다
calib/th_260914/th_260914_1000/192_168_0_151_20260914_191100.y16raw,1228800,칸 4.7 px < 6.0 — 너무 멀다
calib/th_260914/th_260914_1000/192_168_0_151_20260914_191100.y16meta,16261,칸 4.7 px < 6.0 — 너무 멀다
calib/th_260914/th_260914_1000/192_168_0_151_20260914_191100.avi,30274,칸 4.7 px < 6.0 — 너무 멀다
calib/th_260914/th_260914_1000/192_168_0_151_20260914_191100.csv,1318,칸 4.7 px < 6.0 — 너무 멀다
calib/th-test-01/192_168_0_151_20260828_155537.y16raw,1804800,검출 0 (대비는 0.70℃ 있음 — 자세/거리 문제)
calib/th-test-01/192_168_0_151_20260828_155537.y16meta,16726,검출 0 (대비는 0.70℃ 있음 — 자세/거리 문제)
calib/th-test-01/192_168_0_151_20260828_155537.avi,50340,검출 0 (대비는 0.70℃ 있음 — 자세/거리 문제)
calib/th-test-01/192_168_0_151_20260828_155537.csv,1918,검출 0 (대비는 0.70℃ 있음 — 자세/거리 문제)
calib/th-test/192_168_0_151_20260828_154000.y16raw,20620800,검출 0 (대비는 0.67℃ 있음 — 자세/거리 문제)
calib/th-test/192_168_0_151_20260828_154000.y16meta,31917,검출 0 (대비는 0.67℃ 있음 — 자세/거리 문제)
calib/th-test/192_168_0_151_20260828_154000.avi,606686,검출 0 (대비는 0.67℃ 있음 — 자세/거리 문제)
calib/th-test/192_168_0_151_20260828_154000.csv,21518,검출 0 (대비는 0.67℃ 있음 — 자세/거리 문제)
calib/th_260914/th_260914_1000/192_168_0_151_20260914_183320.y16raw,921600,검출 0 (대비는 2.39℃ 있음 — 자세/거리 문제)
calib/th_260914/th_260914_1000/192_168_0_151_20260914_183320.y16meta,16013,검출 0 (대비는 2.39℃ 있음 — 자세/거리 문제)
calib/th_260914/th_260914_1000/192_168_0_151_20260914_183320.avi,19720,검출 0 (대비는 2.39℃ 있음 — 자세/거리 문제)
calib/th_260914/th_260914_1000/192_168_0_151_20260914_183320.csv,998,검출 0 (대비는 2.39℃ 있음 — 자세/거리 문제)
calib/th_260914/th_260914_1000/192_168_0_151_20260914_183330.y16raw,960000,검출 0 (대비는 2.22℃ 있음 — 자세/거리 문제)
calib/th_260914/th_260914_1000/192_168_0_151_20260914_183330.y16meta,16044,검출 0 (대비는 2.22℃ 있음 — 자세/거리 문제)
calib/th_260914/th_260914_1000/192_168_0_151_20260914_183330.avi,17790,검출 0 (대비는 2.22℃ 있음 — 자세/거리 문제)
calib/th_260914/th_260914_1000/192_168_0_151_20260914_183330.csv,1038,검출 0 (대비는 2.22℃ 있음 — 자세/거리 문제)
calib/th_260914/th_260914_1000/192_168_0_151_20260914_183406.y16raw,1075200,검출 0 (대비는 2.55℃ 있음 — 자세/거리 문제)
calib/th_260914/th_260914_1000/192_168_0_151_20260914_183406.y16meta,16137,검출 0 (대비는 2.55℃ 있음 — 자세/거리 문제)
calib/th_260914/th_260914_1000/192_168_0_151_20260914_183406.avi,27258,검출 0 (대비는 2.55℃ 있음 — 자세/거리 문제)
calib/th_260914/th_260914_1000/192_168_0_151_20260914_183406.csv,1158,검출 0 (대비는 2.55℃ 있음 — 자세/거리 문제)
calib/th_260914/th_260914_1000/192_168_0_151_20260914_191053.y16raw,883200,검출 0 (대비는 3.02℃ 있음 — 자세/거리 문제)
calib/th_260914/th_260914_1000/192_168_0_151_20260914_191053.y16meta,15982,검출 0 (대비는 3.02℃ 있음 — 자세/거리 문제)
calib/th_260914/th_260914_1000/192_168_0_151_20260914_191053.avi,18290,검출 0 (대비는 3.02℃ 있음 — 자세/거리 문제)
calib/th_260914/th_260914_1000/192_168_0_151_20260914_191053.csv,958,검출 0 (대비는 3.02℃ 있음 — 자세/거리 문제)
calib/th_260914/th_260914_1000/192_168_0_151_20260914_191117.y16raw,960000,검출 0 (대비는 3.41℃ 있음 — 자세/거리 문제)
calib/th_260914/th_260914_1000/192_168_0_151_20260914_191117.y16meta,16044,검출 0 (대비는 3.41℃ 있음 — 자세/거리 문제)
calib/th_260914/th_260914_1000/192_168_0_151_20260914_191117.avi,17190,검출 0 (대비는 3.41℃ 있음 — 자세/거리 문제)
calib/th_260914/th_260914_1000/192_168_0_151_20260914_191117.csv,1038,검출 0 (대비는 3.41℃ 있음 — 자세/거리 문제)
calib/th_260914/th_260914_1000/192_168_0_151_20260914_191130.y16raw,921600,검출 0 (대비는 2.78℃ 있음 — 자세/거리 문제)
calib/th_260914/th_260914_1000/192_168_0_151_20260914_191130.y16meta,16013,검출 0 (대비는 2.78℃ 있음 — 자세/거리 문제)
calib/th_260914/th_260914_1000/192_168_0_151_20260914_191130.avi,13676,검출 0 (대비는 2.78℃ 있음 — 자세/거리 문제)
calib/th_260914/th_260914_1000/192_168_0_151_20260914_191130.csv,998,검출 0 (대비는 2.78℃ 있음 — 자세/거리 문제)
calib/th_260914/th_260914_1000/192_168_0_151_20260914_191138.y16raw,883200,검출 0 (대비는 3.19℃ 있음 — 자세/거리 문제)
calib/th_260914/th_260914_1000/192_168_0_151_20260914_191138.y16meta,15982,검출 0 (대비는 3.19℃ 있음 — 자세/거리 문제)
calib/th_260914/th_260914_1000/192_168_0_151_20260914_191138.avi,21258,검출 0 (대비는 3.19℃ 있음 — 자세/거리 문제)
calib/th_260914/th_260914_1000/192_168_0_151_20260914_191138.csv,958,검출 0 (대비는 3.19℃ 있음 — 자세/거리 문제)
calib/th_260914/th_260914_1000/192_168_0_151_20260914_191158.y16raw,921600,검출 0 (대비는 2.40℃ 있음 — 자세/거리 문제)
calib/th_260914/th_260914_1000/192_168_0_151_20260914_191158.y16meta,16013,검출 0 (대비는 2.40℃ 있음 — 자세/거리 문제)
calib/th_260914/th_260914_1000/192_168_0_151_20260914_191158.avi,14836,검출 0 (대비는 2.40℃ 있음 — 자세/거리 문제)
calib/th_260914/th_260914_1000/192_168_0_151_20260914_191158.csv,998,검출 0 (대비는 2.40℃ 있음 — 자세/거리 문제)
calib/th_260914/th_260914_1000/192_168_0_151_20260914_191218.y16raw,806400,검출 0 (대비는 3.36℃ 있음 — 자세/거리 문제)
calib/th_260914/th_260914_1000/192_168_0_151_20260914_191218.y16meta,15920,검출 0 (대비는 3.36℃ 있음 — 자세/거리 문제)
calib/th_260914/th_260914_1000/192_168_0_151_20260914_191218.avi,13042,검출 0 (대비는 3.36℃ 있음 — 자세/거리 문제)
calib/th_260914/th_260914_1000/192_168_0_151_20260914_191218.csv,878,검출 0 (대비는 3.36℃ 있음 — 자세/거리 문제)
calib/th_260914/th_260914_1000/192_168_0_151_20260914_191227.y16raw,883200,검출 0 (대비는 3.22℃ 있음 — 자세/거리 문제)
calib/th_260914/th_260914_1000/192_168_0_151_20260914_191227.y16meta,15982,검출 0 (대비는 3.22℃ 있음 — 자세/거리 문제)
calib/th_260914/th_260914_1000/192_168_0_151_20260914_191227.avi,13664,검출 0 (대비는 3.22℃ 있음 — 자세/거리 문제)
calib/th_260914/th_260914_1000/192_168_0_151_20260914_191227.csv,958,검출 0 (대비는 3.22℃ 있음 — 자세/거리 문제)
calib/th_260914/th_260914_350/192_168_0_151_20260914_184301.y16raw,921600,검출 0 (대비는 3.06℃ 있음 — 자세/거리 문제)
calib/th_260914/th_260914_350/192_168_0_151_20260914_184301.y16meta,16013,검출 0 (대비는 3.06℃ 있음 — 자세/거리 문제)
calib/th_260914/th_260914_350/192_168_0_151_20260914_184301.avi,15670,검출 0 (대비는 3.06℃ 있음 — 자세/거리 문제)
calib/th_260914/th_260914_350/192_168_0_151_20260914_184301.csv,998,검출 0 (대비는 3.06℃ 있음 — 자세/거리 문제)
calib/th_260914/th_260914_350/192_168_0_151_20260914_184402.y16raw,883200,검출 0 (대비는 2.72℃ 있음 — 자세/거리 문제)
calib/th_260914/th_260914_350/192_168_0_151_20260914_184402.y16meta,15982,검출 0 (대비는 2.72℃ 있음 — 자세/거리 문제)
calib/th_260914/th_260914_350/192_168_0_151_20260914_184402.avi,26750,검출 0 (대비는 2.72℃ 있음 — 자세/거리 문제)
calib/th_260914/th_260914_350/192_168_0_151_20260914_184402.csv,958,검출 0 (대비는 2.72℃ 있음 — 자세/거리 문제)
calib/th_260914/th_260914_350/192_168_0_151_20260914_184529.y16raw,921600,검출 0 (대비는 2.76℃ 있음 — 자세/거리 문제)
calib/th_260914/th_260914_350/192_168_0_151_20260914_184529.y16meta,16013,검출 0 (대비는 2.76℃ 있음 — 자세/거리 문제)
calib/th_260914/th_260914_350/192_168_0_151_20260914_184529.avi,18638,검출 0 (대비는 2.76℃ 있음 — 자세/거리 문제)
calib/th_260914/th_260914_350/192_168_0_151_20260914_184529.csv,998,검출 0 (대비는 2.76℃ 있음 — 자세/거리 문제)
calib/th_260914/th_260914_350/192_168_0_151_20260914_184538.y16raw,883200,검출 0 (대비는 2.44℃ 있음 — 자세/거리 문제)
calib/th_260914/th_260914_350/192_168_0_151_20260914_184538.y16meta,15982,검출 0 (대비는 2.44℃ 있음 — 자세/거리 문제)
calib/th_260914/th_260914_350/192_168_0_151_20260914_184538.avi,17870,검출 0 (대비는 2.44℃ 있음 — 자세/거리 문제)
calib/th_260914/th_260914_350/192_168_0_151_20260914_184538.csv,958,검출 0 (대비는 2.44℃ 있음 — 자세/거리 문제)
calib/th_260914/th_260914_350/192_168_0_151_20260914_184545.y16raw,729600,검출 0 (대비는 3.44℃ 있음 — 자세/거리 문제)
calib/th_260914/th_260914_350/192_168_0_151_20260914_184545.y16meta,15858,검출 0 (대비는 3.44℃ 있음 — 자세/거리 문제)
calib/th_260914/th_260914_350/192_168_0_151_20260914_184545.avi,17698,검출 0 (대비는 3.44℃ 있음 — 자세/거리 문제)
calib/th_260914/th_260914_350/192_168_0_151_20260914_184545.csv,798,검출 0 (대비는 3.44℃ 있음 — 자세/거리 문제)
calib/th_260914/th_260914_400/192_168_0_151_20260914_182751.y16raw,1228800,검출 0 (대비는 3.07℃ 있음 — 자세/거리 문제)
calib/th_260914/th_260914_400/192_168_0_151_20260914_182751.y16meta,16261,검출 0 (대비는 3.07℃ 있음 — 자세/거리 문제)
calib/th_260914/th_260914_400/192_168_0_151_20260914_182751.avi,33126,검출 0 (대비는 3.07℃ 있음 — 자세/거리 문제)
calib/th_260914/th_260914_400/192_168_0_151_20260914_182751.csv,1318,검출 0 (대비는 3.07℃ 있음 — 자세/거리 문제)
calib/th_260914/th_260914_400/192_168_0_151_20260914_182808.y16raw,1113600,검출 0 (대비는 1.69℃ 있음 — 자세/거리 문제)
calib/th_260914/th_260914_400/192_168_0_151_20260914_182808.y16meta,16168,검출 0 (대비는 1.69℃ 있음 — 자세/거리 문제)
calib/th_260914/th_260914_400/192_168_0_151_20260914_182808.avi,24772,검출 0 (대비는 1.69℃ 있음 — 자세/거리 문제)
calib/th_260914/th_260914_400/192_168_0_151_20260914_182808.csv,1198,검출 0 (대비는 1.69℃ 있음 — 자세/거리 문제)
calib/th_260914/th_260914_400/192_168_0_151_20260914_182824.y16raw,1113600,검출 0 (대비는 2.28℃ 있음 — 자세/거리 문제)
calib/th_260914/th_260914_400/192_168_0_151_20260914_182824.y16meta,16168,검출 0 (대비는 2.28℃ 있음 — 자세/거리 문제)
calib/th_260914/th_260914_400/192_168_0_151_20260914_182824.avi,20602,검출 0 (대비는 2.28℃ 있음 — 자세/거리 문제)
calib/th_260914/th_260914_400/192_168_0_151_20260914_182824.csv,1198,검출 0 (대비는 2.28℃ 있음 — 자세/거리 문제)
calib/th_260914/th_260914_400/192_168_0_151_20260914_184700.y16raw,844800,검출 0 (대비는 3.67℃ 있음 — 자세/거리 문제)
calib/th_260914/th_260914_400/192_168_0_151_20260914_184700.y16meta,15951,검출 0 (대비는 3.67℃ 있음 — 자세/거리 문제)
calib/th_260914/th_260914_400/192_168_0_151_20260914_184700.avi,16108,검출 0 (대비는 3.67℃ 있음 — 자세/거리 문제)
calib/th_260914/th_260914_400/192_168_0_151_20260914_184700.csv,918,검출 0 (대비는 3.67℃ 있음 — 자세/거리 문제)
calib/th_260914/th_260914_400/192_168_0_151_20260914_184712.y16raw,883200,검출 0 (대비는 2.54℃ 있음 — 자세/거리 문제)
calib/th_260914/th_260914_400/192_168_0_151_20260914_184712.y16meta,15982,검출 0 (대비는 2.54℃ 있음 — 자세/거리 문제)
calib/th_260914/th_260914_400/192_168_0_151_20260914_184712.avi,17532,검출 0 (대비는 2.54℃ 있음 — 자세/거리 문제)
calib/th_260914/th_260914_400/192_168_0_151_20260914_184712.csv,958,검출 0 (대비는 2.54℃ 있음 — 자세/거리 문제)
calib/th_260914/th_260914_400/192_168_0_151_20260914_184748.y16raw,883200,검출 0 (대비는 3.24℃ 있음 — 자세/거리 문제)
calib/th_260914/th_260914_400/192_168_0_151_20260914_184748.y16meta,15982,검출 0 (대비는 3.24℃ 있음 — 자세/거리 문제)
calib/th_260914/th_260914_400/192_168_0_151_20260914_184748.avi,36120,검출 0 (대비는 3.24℃ 있음 — 자세/거리 문제)
calib/th_260914/th_260914_400/192_168_0_151_20260914_184748.csv,958,검출 0 (대비는 3.24℃ 있음 — 자세/거리 문제)
calib/th_260914/th_260914_600/192_168_0_151_20260914_183006.y16raw,1075200,검출 0 (대비는 3.20℃ 있음 — 자세/거리 문제)
calib/th_260914/th_260914_600/192_168_0_151_20260914_183006.y16meta,16137,검출 0 (대비는 3.20℃ 있음 — 자세/거리 문제)
calib/th_260914/th_260914_600/192_168_0_151_20260914_183006.avi,22738,검출 0 (대비는 3.20℃ 있음 — 자세/거리 문제)
calib/th_260914/th_260914_600/192_168_0_151_20260914_183006.csv,1158,검출 0 (대비는 3.20℃ 있음 — 자세/거리 문제)
calib/th_260914/th_260914_600/192_168_0_151_20260914_183057.y16raw,1420800,검출 0 (대비는 2.86℃ 있음 — 자세/거리 문제)
calib/th_260914/th_260914_600/192_168_0_151_20260914_183057.y16meta,16416,검출 0 (대비는 2.86℃ 있음 — 자세/거리 문제)
calib/th_260914/th_260914_600/192_168_0_151_20260914_183057.avi,23968,검출 0 (대비는 2.86℃ 있음 — 자세/거리 문제)
calib/th_260914/th_260914_600/192_168_0_151_20260914_183057.csv,1518,검출 0 (대비는 2.86℃ 있음 — 자세/거리 문제)
calib/th_260914/th_260914_600/192_168_0_151_20260914_184900.y16raw,691200,검출 0 (대비는 3.45℃ 있음 — 자세/거리 문제)
calib/th_260914/th_260914_600/192_168_0_151_20260914_184900.y16meta,15827,검출 0 (대비는 3.45℃ 있음 — 자세/거리 문제)
calib/th_260914/th_260914_600/192_168_0_151_20260914_184900.avi,29130,검출 0 (대비는 3.45℃ 있음 — 자세/거리 문제)
calib/th_260914/th_260914_600/192_168_0_151_20260914_184900.csv,758,검출 0 (대비는 3.45℃ 있음 — 자세/거리 문제)
calib/th_260914/th_260914_600/192_168_0_151_20260914_184913.y16raw,921600,검출 0 (대비는 3.14℃ 있음 — 자세/거리 문제)
calib/th_260914/th_260914_600/192_168_0_151_20260914_184913.y16meta,16013,검출 0 (대비는 3.14℃ 있음 — 자세/거리 문제)
calib/th_260914/th_260914_600/192_168_0_151_20260914_184913.avi,20810,검출 0 (대비는 3.14℃ 있음 — 자세/거리 문제)
calib/th_260914/th_260914_600/192_168_0_151_20260914_184913.csv,998,검출 0 (대비는 3.14℃ 있음 — 자세/거리 문제)
calib/th_260914/th_260914_600/192_168_0_151_20260914_185657.y16raw,883200,검출 0 (대비는 2.69℃ 있음 — 자세/거리 문제)
calib/th_260914/th_260914_600/192_168_0_151_20260914_185657.y16meta,15982,검출 0 (대비는 2.69℃ 있음 — 자세/거리 문제)
calib/th_260914/th_260914_600/192_168_0_151_20260914_185657.avi,19002,검출 0 (대비는 2.69℃ 있음 — 자세/거리 문제)
calib/th_260914/th_260914_600/192_168_0_151_20260914_185657.csv,958,검출 0 (대비는 2.69℃ 있음 — 자세/거리 문제)
calib/th_260914/th_260914_600/192_168_0_151_20260914_185708.y16raw,883200,검출 0 (대비는 2.33℃ 있음 — 자세/거리 문제)
calib/th_260914/th_260914_600/192_168_0_151_20260914_185708.y16meta,15982,검출 0 (대비는 2.33℃ 있음 — 자세/거리 문제)
calib/th_260914/th_260914_600/192_168_0_151_20260914_185708.avi,14442,검출 0 (대비는 2.33℃ 있음 — 자세/거리 문제)
calib/th_260914/th_260914_600/192_168_0_151_20260914_185708.csv,958,검출 0 (대비는 2.33℃ 있음 — 자세/거리 문제)
calib/th_260914/th_260914_600/192_168_0_151_20260914_185815.y16raw,921600,검출 0 (대비는 3.02℃ 있음 — 자세/거리 문제)
calib/th_260914/th_260914_600/192_168_0_151_20260914_185815.y16meta,16013,검출 0 (대비는 3.02℃ 있음 — 자세/거리 문제)
calib/th_260914/th_260914_600/192_168_0_151_20260914_185815.avi,14928,검출 0 (대비는 3.02℃ 있음 — 자세/거리 문제)
calib/th_260914/th_260914_600/192_168_0_151_20260914_185815.csv,998,검출 0 (대비는 3.02℃ 있음 — 자세/거리 문제)
calib/th_260914/th_260914_600/192_168_0_151_20260914_185825.y16raw,998400,검출 0 (대비는 2.90℃ 있음 — 자세/거리 문제)
calib/th_260914/th_260914_600/192_168_0_151_20260914_185825.y16meta,16075,검출 0 (대비는 2.90℃ 있음 — 자세/거리 문제)
calib/th_260914/th_260914_600/192_168_0_151_20260914_185825.avi,26940,검출 0 (대비는 2.90℃ 있음 — 자세/거리 문제)
calib/th_260914/th_260914_600/192_168_0_151_20260914_185825.csv,1078,검출 0 (대비는 2.90℃ 있음 — 자세/거리 문제)
calib/th_260914/th_260914_600/192_168_0_151_20260914_185844.y16raw,883200,검출 0 (대비는 2.64℃ 있음 — 자세/거리 문제)
calib/th_260914/th_260914_600/192_168_0_151_20260914_185844.y16meta,15982,검출 0 (대비는 2.64℃ 있음 — 자세/거리 문제)
calib/th_260914/th_260914_600/192_168_0_151_20260914_185844.avi,16852,검출 0 (대비는 2.64℃ 있음 — 자세/거리 문제)
calib/th_260914/th_260914_600/192_168_0_151_20260914_185844.csv,958,검출 0 (대비는 2.64℃ 있음 — 자세/거리 문제)
calib/th_260914/th_260914_600/192_168_0_151_20260914_190032.y16raw,883200,검출 0 (대비는 2.51℃ 있음 — 자세/거리 문제)
calib/th_260914/th_260914_600/192_168_0_151_20260914_190032.y16meta,15982,검출 0 (대비는 2.51℃ 있음 — 자세/거리 문제)
calib/th_260914/th_260914_600/192_168_0_151_20260914_190032.avi,17858,검출 0 (대비는 2.51℃ 있음 — 자세/거리 문제)
calib/th_260914/th_260914_600/192_168_0_151_20260914_190032.csv,958,검출 0 (대비는 2.51℃ 있음 — 자세/거리 문제)
calib/th_260914/th_260914_600/192_168_0_151_20260914_190054.y16raw,883200,검출 0 (대비는 2.53℃ 있음 — 자세/거리 문제)
calib/th_260914/th_260914_600/192_168_0_151_20260914_190054.y16meta,15982,검출 0 (대비는 2.53℃ 있음 — 자세/거리 문제)
calib/th_260914/th_260914_600/192_168_0_151_20260914_190054.avi,20430,검출 0 (대비는 2.53℃ 있음 — 자세/거리 문제)
calib/th_260914/th_260914_600/192_168_0_151_20260914_190054.csv,958,검출 0 (대비는 2.53℃ 있음 — 자세/거리 문제)
calib/th_260914/th_260914_700/192_168_0_151_20260914_190417.y16raw,844800,검출 0 (대비는 2.57℃ 있음 — 자세/거리 문제)
calib/th_260914/th_260914_700/192_168_0_151_20260914_190417.y16meta,15951,검출 0 (대비는 2.57℃ 있음 — 자세/거리 문제)
calib/th_260914/th_260914_700/192_168_0_151_20260914_190417.avi,13770,검출 0 (대비는 2.57℃ 있음 — 자세/거리 문제)
calib/th_260914/th_260914_700/192_168_0_151_20260914_190417.csv,918,검출 0 (대비는 2.57℃ 있음 — 자세/거리 문제)
calib/th_260914/th_260914_800/192_168_0_151_20260914_183216.y16raw,998400,검출 0 (대비는 2.64℃ 있음 — 자세/거리 문제)
calib/th_260914/th_260914_800/192_168_0_151_20260914_183216.y16meta,16075,검출 0 (대비는 2.64℃ 있음 — 자세/거리 문제)
calib/th_260914/th_260914_800/192_168_0_151_20260914_183216.avi,23670,검출 0 (대비는 2.64℃ 있음 — 자세/거리 문제)
calib/th_260914/th_260914_800/192_168_0_151_20260914_183216.csv,1078,검출 0 (대비는 2.64℃ 있음 — 자세/거리 문제)
calib/th_260914/th_260914_800/192_168_0_151_20260914_190844.y16raw,921600,검출 0 (대비는 2.72℃ 있음 — 자세/거리 문제)
calib/th_260914/th_260914_800/192_168_0_151_20260914_190844.y16meta,16013,검출 0 (대비는 2.72℃ 있음 — 자세/거리 문제)
calib/th_260914/th_260914_800/192_168_0_151_20260914_190844.avi,25052,검출 0 (대비는 2.72℃ 있음 — 자세/거리 문제)
calib/th_260914/th_260914_800/192_168_0_151_20260914_190844.csv,998,검출 0 (대비는 2.72℃ 있음 — 자세/거리 문제)
calib/th_260914/th_260914_800/192_168_0_151_20260914_190854.y16raw,883200,검출 0 (대비는 2.99℃ 있음 — 자세/거리 문제)
calib/th_260914/th_260914_800/192_168_0_151_20260914_190854.y16meta,15982,검출 0 (대비는 2.99℃ 있음 — 자세/거리 문제)
calib/th_260914/th_260914_800/192_168_0_151_20260914_190854.avi,14788,검출 0 (대비는 2.99℃ 있음 — 자세/거리 문제)
calib/th_260914/th_260914_800/192_168_0_151_20260914_190854.csv,958,검출 0 (대비는 2.99℃ 있음 — 자세/거리 문제)
calib/th_260914/th_260914_before/192_168_0_151_20260914_181453.y16raw,883200,검출 0 (대비는 2.57℃ 있음 — 자세/거리 문제)
calib/th_260914/th_260914_before/192_168_0_151_20260914_181453.y16meta,15982,검출 0 (대비는 2.57℃ 있음 — 자세/거리 문제)
calib/th_260914/th_260914_before/192_168_0_151_20260914_181453.avi,18962,검출 0 (대비는 2.57℃ 있음 — 자세/거리 문제)
calib/th_260914/th_260914_before/192_168_0_151_20260914_181453.csv,958,검출 0 (대비는 2.57℃ 있음 — 자세/거리 문제)
calib/th_260914/th_260914_before/192_168_0_151_20260914_181536.y16raw,883200,검출 0 (대비는 3.33℃ 있음 — 자세/거리 문제)
calib/th_260914/th_260914_before/192_168_0_151_20260914_181536.y16meta,15982,검출 0 (대비는 3.33℃ 있음 — 자세/거리 문제)
calib/th_260914/th_260914_before/192_168_0_151_20260914_181536.avi,22934,검출 0 (대비는 3.33℃ 있음 — 자세/거리 문제)
calib/th_260914/th_260914_before/192_168_0_151_20260914_181536.csv,958,검출 0 (대비는 3.33℃ 있음 — 자세/거리 문제)
calib/th_260914/th_260914_before/192_168_0_151_20260914_181551.y16raw,998400,검출 0 (대비는 3.93℃ 있음 — 자세/거리 문제)
calib/th_260914/th_260914_before/192_168_0_151_20260914_181551.y16meta,16075,검출 0 (대비는 3.93℃ 있음 — 자세/거리 문제)
calib/th_260914/th_260914_before/192_168_0_151_20260914_181551.avi,29830,검출 0 (대비는 3.93℃ 있음 — 자세/거리 문제)
calib/th_260914/th_260914_before/192_168_0_151_20260914_181551.csv,1078,검출 0 (대비는 3.93℃ 있음 — 자세/거리 문제)
calib/th_260914/th_260914_before/192_168_0_151_20260914_181603.y16raw,921600,검출 0 (대비는 3.70℃ 있음 — 자세/거리 문제)
calib/th_260914/th_260914_before/192_168_0_151_20260914_181603.y16meta,16013,검출 0 (대비는 3.70℃ 있음 — 자세/거리 문제)
calib/th_260914/th_260914_before/192_168_0_151_20260914_181603.avi,22840,검출 0 (대비는 3.70℃ 있음 — 자세/거리 문제)
calib/th_260914/th_260914_before/192_168_0_151_20260914_181603.csv,998,검출 0 (대비는 3.70℃ 있음 — 자세/거리 문제)
calib/th_260914/th_260914_before/192_168_0_151_20260914_181927.y16raw,1113600,검출 0 (대비는 3.94℃ 있음 — 자세/거리 문제)
calib/th_260914/th_260914_before/192_168_0_151_20260914_181927.y16meta,16168,검출 0 (대비는 3.94℃ 있음 — 자세/거리 문제)
calib/th_260914/th_260914_before/192_168_0_151_20260914_181927.avi,30272,검출 0 (대비는 3.94℃ 있음 — 자세/거리 문제)
calib/th_260914/th_260914_before/192_168_0_151_20260914_181927.csv,1198,검출 0 (대비는 3.94℃ 있음 — 자세/거리 문제)
calib/th_260914/th_260914_before/192_168_0_151_20260914_181940.y16raw,998400,검출 0 (대비는 3.95℃ 있음 — 자세/거리 문제)
calib/th_260914/th_260914_before/192_168_0_151_20260914_181940.y16meta,16075,검출 0 (대비는 3.95℃ 있음 — 자세/거리 문제)
calib/th_260914/th_260914_before/192_168_0_151_20260914_181940.avi,30928,검출 0 (대비는 3.95℃ 있음 — 자세/거리 문제)
calib/th_260914/th_260914_before/192_168_0_151_20260914_181940.csv,1078,검출 0 (대비는 3.95℃ 있음 — 자세/거리 문제)
calib/th_260914/th_260914_before/192_168_0_151_20260914_182118.y16raw,1036800,검출 0 (대비는 2.44℃ 있음 — 자세/거리 문제)
calib/th_260914/th_260914_before/192_168_0_151_20260914_182118.y16meta,16106,검출 0 (대비는 2.44℃ 있음 — 자세/거리 문제)
calib/th_260914/th_260914_before/192_168_0_151_20260914_182118.avi,17868,검출 0 (대비는 2.44℃ 있음 — 자세/거리 문제)
calib/th_260914/th_260914_before/192_168_0_151_20260914_182118.csv,1118,검출 0 (대비는 2.44℃ 있음 — 자세/거리 문제)
calib/th_260914/th_260914_before/192_168_0_151_20260914_182137.y16raw,1036800,검출 0 (대비는 2.20℃ 있음 — 자세/거리 문제)
calib/th_260914/th_260914_before/192_168_0_151_20260914_182137.y16meta,16106,검출 0 (대비는 2.20℃ 있음 — 자세/거리 문제)
calib/th_260914/th_260914_before/192_168_0_151_20260914_182137.avi,17528,검출 0 (대비는 2.20℃ 있음 — 자세/거리 문제)
calib/th_260914/th_260914_before/192_168_0_151_20260914_182137.csv,1118,검출 0 (대비는 2.20℃ 있음 — 자세/거리 문제)
calib/th_260914/th_260914_before/192_168_0_151_20260914_182233.y16raw,921600,검출 0 (대비는 2.84℃ 있음 — 자세/거리 문제)
calib/th_260914/th_260914_before/192_168_0_151_20260914_182233.y16meta,16013,검출 0 (대비는 2.84℃ 있음 — 자세/거리 문제)
calib/th_260914/th_260914_before/192_168_0_151_20260914_182233.avi,15446,검출 0 (대비는 2.84℃ 있음 — 자세/거리 문제)
calib/th_260914/th_260914_before/192_168_0_151_20260914_182233.csv,998,검출 0 (대비는 2.84℃ 있음 — 자세/거리 문제)
calib/th_260914/th_260914_before/192_168_0_151_20260914_182240.y16raw,1036800,검출 0 (대비는 3.39℃ 있음 — 자세/거리 문제)
calib/th_260914/th_260914_before/192_168_0_151_20260914_182240.y16meta,16106,검출 0 (대비는 3.39℃ 있음 — 자세/거리 문제)
calib/th_260914/th_260914_before/192_168_0_151_20260914_182240.avi,35208,검출 0 (대비는 3.39℃ 있음 — 자세/거리 문제)
calib/th_260914/th_260914_before/192_168_0_151_20260914_182240.csv,1118,검출 0 (대비는 3.39℃ 있음 — 자세/거리 문제)
calib/th_260914/th_260914_before/192_168_0_151_20260914_182249.y16raw,998400,검출 0 (대비는 3.82℃ 있음 — 자세/거리 문제)
calib/th_260914/th_260914_before/192_168_0_151_20260914_182249.y16meta,16075,검출 0 (대비는 3.82℃ 있음 — 자세/거리 문제)
calib/th_260914/th_260914_before/192_168_0_151_20260914_182249.avi,25516,검출 0 (대비는 3.82℃ 있음 — 자세/거리 문제)
calib/th_260914/th_260914_before/192_168_0_151_20260914_182249.csv,1078,검출 0 (대비는 3.82℃ 있음 — 자세/거리 문제)
calib/th_260914/th_260914_before/192_168_0_151_20260914_182301.y16raw,998400,검출 0 (대비는 5.08℃ 있음 — 자세/거리 문제)
calib/th_260914/th_260914_before/192_168_0_151_20260914_182301.y16meta,16075,검출 0 (대비는 5.08℃ 있음 — 자세/거리 문제)
calib/th_260914/th_260914_before/192_168_0_151_20260914_182301.avi,18446,검출 0 (대비는 5.08℃ 있음 — 자세/거리 문제)
calib/th_260914/th_260914_before/192_168_0_151_20260914_182301.csv,1078,검출 0 (대비는 5.08℃ 있음 — 자세/거리 문제)
calib/th_260914/th_260914_before/192_168_0_151_20260914_182310.y16raw,960000,검출 0 (대비는 3.59℃ 있음 — 자세/거리 문제)
calib/th_260914/th_260914_before/192_168_0_151_20260914_182310.y16meta,16044,검출 0 (대비는 3.59℃ 있음 — 자세/거리 문제)
calib/th_260914/th_260914_before/192_168_0_151_20260914_182310.avi,29882,검출 0 (대비는 3.59℃ 있음 — 자세/거리 문제)
calib/th_260914/th_260914_before/192_168_0_151_20260914_182310.csv,1038,검출 0 (대비는 3.59℃ 있음 — 자세/거리 문제)
calib/th_260914/th_260914_before/192_168_0_151_20260914_182320.y16raw,960000,검출 0 (대비는 3.70℃ 있음 — 자세/거리 문제)
calib/th_260914/th_260914_before/192_168_0_151_20260914_182320.y16meta,16044,검출 0 (대비는 3.70℃ 있음 — 자세/거리 문제)
calib/th_260914/th_260914_before/192_168_0_151_20260914_182320.avi,32218,검출 0 (대비는 3.70℃ 있음 — 자세/거리 문제)
calib/th_260914/th_260914_before/192_168_0_151_20260914_182320.csv,1038,검출 0 (대비는 3.70℃ 있음 — 자세/거리 문제)
calib/th_260914/th_260914_before/192_168_0_151_20260914_182338.y16raw,998400,검출 0 (대비는 2.64℃ 있음 — 자세/거리 문제)
calib/th_260914/th_260914_before/192_168_0_151_20260914_182338.y16meta,16075,검출 0 (대비는 2.64℃ 있음 — 자세/거리 문제)
calib/th_260914/th_260914_before/192_168_0_151_20260914_182338.avi,18028,검출 0 (대비는 2.64℃ 있음 — 자세/거리 문제)
calib/th_260914/th_260914_before/192_168_0_151_20260914_182338.csv,1078,검출 0 (대비는 2.64℃ 있음 — 자세/거리 문제)
calib/th_260914/th_260914_before/192_168_0_151_20260914_182347.y16raw,1036800,검출 0 (대비는 2.71℃ 있음 — 자세/거리 문제)
calib/th_260914/th_260914_before/192_168_0_151_20260914_182347.y16meta,16106,검출 0 (대비는 2.71℃ 있음 — 자세/거리 문제)
calib/th_260914/th_260914_before/192_168_0_151_20260914_182347.avi,20472,검출 0 (대비는 2.71℃ 있음 — 자세/거리 문제)
calib/th_260914/th_260914_before/192_168_0_151_20260914_182347.csv,1118,검출 0 (대비는 2.71℃ 있음 — 자세/거리 문제)
calib/rgb/KakaoTalk_20260829_183807940.mp4,44565323,원본 4개로 대체됨
calib/th_260914/rgb/cam3/17-52-43.mp4,293,손상 — 열리지 않음
calib/th_260914/rgb/cam3/17-55-48.mp4,293,손상 — 열리지 않음
calib/_all/d350_01.y16meta,16478,th/th350/th400/th450 와 동일한 사본
calib/_all/d350_01.y16raw,82150080,th/th350/th400/th450 와 동일한 사본
calib/_all/d350_02.y16meta,16695,th/th350/th400/th450 와 동일한 사본
calib/_all/d350_02.y16raw,1766400,th/th350/th400/th450 와 동일한 사본
calib/_all/d350_03.y16meta,16416,th/th350/th400/th450 와 동일한 사본
calib/_all/d350_03.y16raw,1420800,th/th350/th400/th450 와 동일한 사본
calib/_all/d400_01.y16meta,16354,th/th350/th400/th450 와 동일한 사본
calib/_all/d400_01.y16raw,1344000,th/th350/th400/th450 와 동일한 사본
calib/_all/d400_02.y16meta,16323,th/th350/th400/th450 와 동일한 사본
calib/_all/d400_02.y16raw,1305600,th/th350/th400/th450 와 동일한 사본
calib/_all/d400_03.y16meta,16757,th/th350/th400/th450 와 동일한 사본
calib/_all/d400_03.y16raw,1843200,th/th350/th400/th450 와 동일한 사본
calib/_all/d450_01.y16meta,16385,th/th350/th400/th450 와 동일한 사본
calib/_all/d450_01.y16raw,1382400,th/th350/th400/th450 와 동일한 사본
calib/_all/d450_02.y16meta,16912,th/th350/th400/th450 와 동일한 사본
calib/_all/d450_02.y16raw,2035200,th/th350/th400/th450 와 동일한 사본
calib/_all/d450_03.y16meta,16788,th/th350/th400/th450 와 동일한 사본
calib/_all/d450_03.y16raw,1881600,th/th350/th400/th450 와 동일한 사본
calib/_all/dUNK_01.y16meta,25655,th/th350/th400/th450 와 동일한 사본
calib/_all/dUNK_01.y16raw,12864000,th/th350/th400/th450 와 동일한 사본
calib/_all/dUNK_02.y16meta,21532,th/th350/th400/th450 와 동일한 사본
calib/_all/dUNK_02.y16raw,7756800,th/th350/th400/th450 와 동일한 사본
calib/_all/dUNK_03.y16meta,26244,th/th350/th400/th450 와 동일한 사본
calib/_all/dUNK_03.y16raw,13593600,th/th350/th400/th450 와 동일한 사본
calib/th_260914/th_260914_before/192_168_0_151_20260914_180655.y16raw,1036800,calib\th_260914\th_260914\192_168_0_151_20260914_180655.y16raw 와 같은 녹화의 사본
calib/th_260914/th_260914_before/192_168_0_151_20260914_180655.y16meta,16106,calib\th_260914\th_260914\192_168_0_151_20260914_180655.y16meta 와 같은 녹화의 사본
calib/th_260914/th_260914_before/192_168_0_151_20260914_180655.avi,22002,calib\th_260914\th_260914\192_168_0_151_20260914_180655.avi 와 같은 녹화의 사본
calib/th_260914/th_260914_before/192_168_0_151_20260914_180655.csv,1118,calib\th_260914\th_260914\192_168_0_151_20260914_180655.csv 와 같은 녹화의 사본
calib/th_260914/th_260914_before/192_168_0_151_20260914_180708.y16raw,1075200,calib\th_260914\th_260914\192_168_0_151_20260914_180708.y16raw 와 같은 녹화의 사본
calib/th_260914/th_260914_before/192_168_0_151_20260914_180708.y16meta,16137,calib\th_260914\th_260914\192_168_0_151_20260914_180708.y16meta 와 같은 녹화의 사본
calib/th_260914/th_260914_before/192_168_0_151_20260914_180708.avi,21790,calib\th_260914\th_260914\192_168_0_151_20260914_180708.avi 와 같은 녹화의 사본
calib/th_260914/th_260914_before/192_168_0_151_20260914_180708.csv,1158,calib\th_260914\th_260914\192_168_0_151_20260914_180708.csv 와 같은 녹화의 사본
